Training Accuracy,Validation Accuracy,Testing Accuracy
0.7553444180522565,0.726890756302521,0.7083333333333334
