K,Training Accuracy,Validation Accuracy,Testing Accuracy
10,0.996437054631829,1.0,1.0
20,0.9904988123515439,0.9873949579831933,1.0
